product,candy
3-musketeers-candy-bar,3 Musketeers Candy Bar
3-musketeers-miniature-bars,3 Musketeers Miniature Bars
5-gum,5 Gum
airheads-bites-fruit-67,Airheads Bites Fruit
airheads-white-mystery,Airheads White Mystery
airheads-xtremes-sweetly-sour-candy-rainbow-berry,Airheads Xtremes Sweetly Sour Candy Rainbow Berry
almond-joy-snack-size-bites,Almond Joy Snack Size Bites
altoids-curiously-strong-cinnamon-mints,Altoids Curiously Strong Cinnamon Mints
bouquet-of-fruits-valentine-chocolate-dipped-strawberries,Bouquet of Fruits Valentine Chocolate Dipped Strawberries
brachs-candy-corn,Brachs Candy Corn
brookside-dark-chocolate-acai-blueberry-flavors-51,Brookside Dark Chocolate Acai Blueberry Flavors
brookside-dark-chocolate-pomegranate-flavor-53,Brookside Dark Chocolate Pomegranate Flavor
butterfinger-candy-bar,Butterfinger Candy Bar
butterfinger-minis,Butterfinger Minis
butterfinger-peanut-butter-cups,Butterfinger Peanut Butter Cups
butterfinger-peanut-butter-cups-minis,Butterfinger Peanut Butter Cups Minis
creme-savers-strawberries-rolls,Creme Savers Strawberries Rolls
demets-turtles-original,Demets Turtles Original
dove-chocolate-promises-silky-smooth-almond-dark-chocolate,Dove Chocolate Promises Silky Smooth Almond Dark Chocolate
dove-chocolate-promises-silky-smooth-milk-chocolate,Dove Chocolate Promises Silky Smooth Milk Chocolate
dove-chocolate-promises-silky-smooth-sea-salt-caramel-dark-chocolate,Dove Chocolate Promises Silky Smooth Sea Salt Caramel Dark Chocolate
dove-chocolate-silky-smooth-dark-chocolate-large-bar,Dove Chocolate Silky Smooth Dark Chocolate Large Bar
dove-chocolate-silky-smooth-dark-chocolate-singles-bar,Dove Chocolate Silky Smooth Dark Chocolate Singles Bar
dove-fruit-chocolate,Dove Fruit Chocolate
ferrero-collection-fine-assorted-confections,Ferrero Collection Fine Assorted Confections
ferrero-rocher-chocolate,Ferrero Rocher Chocolate
ghirardelli-chocolate-milk-chocolate-caramel-square,Ghirardelli Chocolate Milk Chocolate Caramel Square
ghirardelli-gourmet-milk-sea-salt-escape,Ghirardelli Gourmet Milk Sea Salt Escape
ghirardelli-squares-60-peppermint-bark,Ghirardelli Squares Peppermint Bark
godiva-chocolates,Godiva Chocolates
godiva-gold-ballotin-with-gold-ribbon,Godiva Gold Ballotin with Gold Ribbon
haribo-happy-cola-gummi-candy,Haribo Happy Cola Gummi Candy
haribo-juicy-gold-bears-gummi-candy,Haribo Juicy Gold Bears Gummi Candy
haribo-sour-gold-bears-gummi-candy,Haribo Sour Gold Bears Gummi Candy
heath-milk-chocolate-english-toffee-bar,Heath Milk Chocolate English Toffee Bar
heath-milk-chocolate-english-toffee-bars,Heath Milk Chocolate English Toffee Bars
hersheys-almond-joy-candy-bar,Hershey's Almond Joy Candy Bar
hersheys-cookies-n-creme-candy-bar,Hershey's Cookies 'n' Creme Candy Bar
hersheys-halloween-snack-size-assortment,Hershey's Halloween Snack Size Assortment
hersheys-kisses-milk-chocolate,Hershey's Kisses Milk Chocolate
hersheys-kisses-milk-chocolates-with-almonds,Hershey's Kisses Milk Chocolates with Almonds
hersheys-milk-chocolate-bar,Hershey's Milk Chocolate Bar
hersheys-milk-chocolate-bar-with-almonds,Hershey's Milk Chocolate Bar with Almonds
hersheys-natural-unsweetened-cocoa,Hershey's Natural Unsweetened Cocoa
hersheys-nuggets-chocolate-assortment-6,Hershey's Nuggets Chocolate Assortment
hersheys-nuggets-milk-chocolate-with-almonds,Hershey's Nuggets Milk Chocolate with Almonds
hersheys-symphony-milk-chocolate-with-almonds-and-toffee-bar,Hershey's Symphony Milk Chocolate with Almonds and Toffee Bar
hersheys-variety-pack-assortment,Hershey's Variety Pack Assortment
hersheys-whoppers-malted-milk-balls,Hershey's Whoppers Malted Milk Balls
hubba-bubba-bubbletape-awesome-original,Hubba Bubba Bubbletape Awesome Original
jelly-belly-the-original-gourmet-jelly-bean,Jelly Belly The Original Gourmet Jelly Bean
jet-puffed-regular-everyday-marshmallows,Jet Puffed Regular Everyday Marshmallows
jet-puffed-stackermallows-marshmallows,Jet Puffed Stackermallows Marshmallows
jolly-rancher-hard-candy-original-flavors-assortment,Jolly Rancher Hard Candy Original Flavors Assortment
jolly-rancher-sugar-free-hard-candy,Jolly Rancher Sugar Free Hard Candy
juicy-fruit-gum,Juicy Fruit Gum
kirkland-milk-chocolate-almonds,Kirkland Milk Chocolate Almonds
kit-kat-big-kat-king-size-wafer-bar,Kit Kat Big Kat King Size Wafer Bar
kit-kat-dark-chocolate-candy-bar,Kit Kat Dark Chocolate Candy Bar
kit-kat-minis-crisp-wafers-in-milk-chocolate,Kit Kat Minis Crisp Wafers in Milk Chocolate
kit-kat-minis-white-chocolate-candy,Kit Kat Minis White Chocolate Candy
kit-kat-orange-and-cream,Kit Kat Orange and Cream
kraft-vanilla-caramels-snack-bags,Kraft Vanilla Caramels Snack Bags
life-savers-five-flavor-gummies,Life Savers Five Flavor Gummies
life-savers-holiday-wint-o-green-candy-mints,Life Savers Holiday Wint-O-Green Candy Mints
lindt-lindor-milk-chocolate-truffles,Lindt Lindor Milk Chocolate Truffles
lindt-lindor-stracciatella-chocolate,Lindt Lindor Stracciatella Chocolate
lindt-ultimate-8-flavor-assortment-lindor-truffles,Lindt Ultimate 8 Flavor Assortment Lindor Truffles
listerine-pocketpaks-oral-care-strips-cool-mint,Listerine Pocketpaks Oral Care Strips Cool Mint
mars-candy-fun-size-mix-peanut-and-peanut-butter-lovers,Mars Candy Fun Size Mix Peanut And Peanut Butter Lovers
mike-and-ike-sour-licious-zours,Mike and Ike Sour Licious Zours
milky-way-bar-midnight-dark,Milky Way Bar Midnight Dark
milky-way-candy-bar,Milky Way Candy Bar
milky-way-simply-caramel-bar,Milky Way Simply Caramel Bar
mms-brand-almond-chocolate-candies-holiday-blend,M&Ms Brand Almond Chocolate Candies Holiday Blend
mms-brand-dark-chocolate-candies-holiday-blend,M&Ms Brand Dark Chocolate Candies Holiday Blend
mms-brand-peanut-butter-chocolate-candies-holiday-blend,M&Ms Brand Peanut Butter Chocolate Candies Holiday Blend
mms-milk-chocolate-candy-23,M&Ms Milk Chocolate Candy
mms-minis,M&Ms Minis
mms-peanut-chocolate-candy,M&Ms Peanut Chocolate Candy
mounds-candy-bar,Mounds Candy Bar
nestle-baby-ruth-bar,Nestle Baby Ruth Bar
nestle-butterfinger-bites,Nestle Butterfinger Bites
nestle-toll-house-semi-sweet-chocolate-morsels,Nestle Toll House Semi Sweet Chocolate Morsels
nestle-toll-house-ultimatestm-chocolate-chip-lovers-cookie-bar-dough,Nestle Toll House Ultimatestm Chocolate Chip Lovers Cookie Bar Dough
oreo-chocolate-candy-bar,Oreo Chocolate Candy Bar
payday-bar-185-oz-bar-24-ct,Payday Bar
pez-candy,Pez Candy
red-vines-original-red,Red Vines Original Red
reeses-outrageous-king-size-bar,Reese's Outrageous King Size Bar
reeses-peanut-butter-big-cup,Reese's Peanut Butter Big Cup
reeses-peanut-butter-bunny,Reese's Peanut Butter Bunny
reeses-peanut-butter-cup-pumpkins-milk-chocolate,Reese's Peanut Butter Cup Pumpkins Milk Chocolate
reeses-peanut-butter-cups-miniatures-76,Reese's Peanut Butter Cups Miniatures
reeses-peanut-butter-cups-white,Reese's Peanut Butter Cups White
reeses-peanut-butter-egg,Reese's Peanut Butter Egg
reeses-peanut-butter-heart,Reese's Peanut Butter Heart
reeses-pieces-peanut-butter-candy,Reese's Pieces Peanut Butter Candy
reeses-reeses-peanut-butter-trees,Reese's Reeses Peanut Butter Trees
reeses-sticks-wafer-bars,Reese's Sticks Wafer Bars
reeses-white-peanut-butter-cups,Reese's White Peanut Butter Cups
reeses-white-peanut-butter-eggs,Reese's White Peanut Butter Eggs
rolo-candy,Rolo Candy
skittles-sour-candy-55,Skittles Sour Candy
skittles-sweets-sours-candy,Skittles Sweets Sours Candy
skittles-tropical-candy,Skittles Tropical Candy
skittles-wild-berry-candy,Skittles Wild Berry Candy
snickers-almond-bar,Snickers Almond Bar
snickers-chocolate-bar,Snickers Chocolate Bar
snickers-crisper-chocolate-bar,Snickers Crisper Chocolate Bar
snickers-peanut-butter-squared-bars,Snickers Peanut Butter Squared Bars
sour-patch-blue-raspberry-candy,Sour Patch Blue Raspberry Candy
sour-patch-extreme-soft-chewy-candy,Sour Patch Extreme Soft Chewy Candy
sour-patch-kids-candy,Sour Patch Kids Candy
sour-patch-kids-tropical-candy,Sour Patch Kids Tropical Candy
sour-patch-strawberry-candy,Sour Patch Strawberry Candy
sour-patch-watermelon-86,Sour Patch Watermelon
sour-punch-real-rainbow-straws,Sour Punch Real Rainbow Straws
starburst-favereds-fruit-chews,Starburst Favereds Fruit Chews
starburst-favereds-minis-fruit-chews-candy-bag,Starburst Favereds Minis Fruit Chews Candy Bag
starburst-original-85,Starburst Original
starburst-original-fruit-chews-89,Starburst Original Fruit Chews
starburst-original-jelly-beans,Starburst Original Jelly Beans
starburst-original-minis-fruit-chews-candy-bag,Starburst Original Minis Fruit Chews Candy Bag
starburst-tropical-fruit-chews-candy,Starburst Tropical Fruit Chews Candy
swedish-fish-red-candy,Swedish Fish Red Candy
swedish-fish-soft-chewy-candy-original-4-oz-pack-of-12,Swedish Fish Soft Chewy Candy Original
sweetarts-chewy-sours-44,Sweetarts Chewy Sours
the-original-lemonhead,The Original Lemonhead
toblerone-swiss-milk-chocolate-with-honey-and-almond-nougat-141-ounce-bars-pack-of-4,Toblerone Swiss Milk Chocolate with Honey and Almond Nougat
tootsie-caramel-apple-pops,Tootsie Caramel Apple Pops
trident-gum,Trident Gum
trolli-sour-brite-crawlers,Trolli Sour Brite Crawlers
trolli-sour-brite-eggs-candy,Trolli Sour Brite Eggs Candy
twix,Twix
twix-bites,Twix Bites
twizzlers-bites-cherry-gummy-candy,Twizzlers Bites Cherry Gummy Candy
twizzlers-pull-n-peel-candy-cherry,Twizzlers Pull-N-Peel Candy Cherry
twizzlers-twists-strawberry,Twizzlers Twists Strawberry
warheads-extreme-sour-hard-candy,Warheads Extreme Sour Hard Candy
werthers-original-caramel-hard-candies,Werther's Original Caramel Hard Candies
york-peppermint-patty,York Peppermint Patty